{
    "Table": {
        "Row": {
            "Delete": {
                "ReturnData": {
                    "DataType": "TableShow",
                    "KTF": true
                }
            }
        },
        "Footer": {
            "Save": {
                "ReturnData": {
                    "DataType": "Show",
                    "KTF": true
                }
            }
        }
    },
    "Vertical": {
        "Footer": {
            "Save": {
                "ReturnData": {
                    "DataType": "VerticalShow",
                    "KTF": true
                }
            }
        }
    },
    "SubTable": {
        "Footer": {
            "Save": {
                "ReturnData": {
                    "DataType": "VerticalShow",
                    "KTF": true
                }
            }
        }
    }
}