{
    "DisplayName": "from create",
    "SearchRowArray": {
        "Label": {
            "KTF": true,
            "DisplayObject": {
                "DisplayText": "KeshavSoft",
                "ColClass": "md-6 col-sm-12 col-12"
            }
        },
        "Button": {
            "NewWindow": {
                "KTF": false,
                "DisplayObject": {
                    "ColClass": "md-1",
                    "SvgPlus": false,
                    "SvgPlusLarge": false,
                    "NewWindow": true,
                    "Table": false
                }
            }
        },
        "SearchWithEnter": {
            "KTF": true,
            "DisplayObject": {
                "DisplayText": "SearchWithEnter",
                "ColClass": "md-2 col-sm-4 col-12"
            }
        }
    },
    "kPK": "voucherguid",
    "TableRowOptions": {
        "Show": {
            "Rowshow": true
        }
    }
}